concept_name,wds_key,group,class_label,vlm_label,user_question,assistant_answer
image_description,HP13.7465/01109a1bfd659983ee423543354cdedf88859140/1784_9380,,NOT_TUMOR,Unknown,Carefully examine the attached patch and write a concise but information-dense description of the histologic concepts you can clearly identify.,"The attached patch shows several histologic concepts, including granulation tissue, inflammatory infiltrate, and fibrosis. Granulation tissue is a type of tissue that forms during the healing process of a wound, inflammatory infiltrate refers to the accumulation of immune cells in response to inflammation, and fibrosis is the excessive growth of fibrous connective tissue in an organ or tissue, often as a result of injury or inflammation."
image_description,HP12.7601/41ab7dc9fa05aaff9572b0a0084efec007da83b6/1536_9120,,pRCC,Unknown,Carefully examine the attached patch and write a concise but information-dense description of the histologic concepts you can clearly identify.,"The histologic concepts that can be clearly identified in the attached patch include: 1. Necrosis: This refers to the death of cells or tissues, often due to injury, infection, or other factors. 2. Inflammatory infiltrate: This is the presence of immune cells within the tissue, which is a sign of an inflammatory response. 3. Fibrosis: This is the formation of excess fibrous connective tissue in an organ or tissue, often as a result of injury or inflammation. 4. Mucin: This is a thick, gel-like substance produced by certain cells and glands, and it can be found in the tissue. These concepts provide insights into the tissue's structure and function, as well as any potential abnormalities or pathological changes that may be present."
image_description,HP20.2506/13/14575_18945,,CHROMO,Unknown,Carefully examine the attached patch and write a concise but information-dense description of the histologic concepts you can clearly identify.,"The histologic concepts that can be clearly identified in the image include: 1. Tubular structures, which are characteristic of acinar cell carcinoma. 2. Nuclei, which are the control centers of cells and are found within the cytoplasm of cells. 3. Cytoplasm, which is the gel-like substance that fills the cell and surrounds the nucleus. 4. Inflammatory cells, which are immune cells that respond to injury or infection and can be seen in the image. These concepts provide insights into the cellular structure and composition of the tissue being examined."
image_description,HP12.7726/84657173e31b113783ecf21522d5aaac5155852b/4288_9520,,pRCC,Unknown,Carefully examine the attached patch and write a concise but information-dense description of the histologic concepts you can clearly identify.,"The histologic concepts you can clearly identify in the attached patch include: 1. Mucosa: This is the innermost lining of a body cavity or hollow organ, such as the gastrointestinal tract. 2. Muscularis mucosae: This is the thin layer of smooth muscle that lies beneath the mucosa and helps with the movement of the mucosa. 3. Submucosa: This is the layer of connective tissue that lies beneath the muscularis mucosae and contains blood vessels, nerves, and lymphatic vessels. 4. Muscularis propria: This is the layer of smooth muscle that forms the wall of the organ, providing strength and support. These concepts provide insight into the structure and organization of the tissue sample."
image_description,HP17.11714/8c0c1e25dce41df2b3cd97092ca75396e9c06539/2624_5660,,NOT_TUMOR,Unknown,Carefully examine the attached patch and write a concise but information-dense description of the histologic concepts you can clearly identify.,"The histologic concepts that can be clearly identified in the image are the stratum corneum and the epidermis. The stratum corneum is the outermost layer of the epidermis, which provides a barrier against environmental factors and pathogens. The epidermis is the outermost layer of the skin, composed of keratinocytes that produce keratin, a protein that provides structural support and protection."
image_description,HP18005453/8/6711_10915,,ONCO,Unknown,Carefully examine the attached patch and write a concise but information-dense description of the histologic concepts you can clearly identify.,"The attached patch shows histologic concepts of various types of cells, including plasmacytoid cells, plasma cells, lymphocytes, and eosinophils. Additionally, there is a mention of epithelioid histiocytes. These cells are involved in the immune response and can be found in various pathological conditions, such as infections, inflammation, and malignancies."
image_description,HP15.11259/6d6ff879d877d9f43a257ae9fdc72ba2ab24a96a/1656_6068,,NOT_TUMOR,Unknown,Carefully examine the attached patch and write a concise but information-dense description of the histologic concepts you can clearly identify.,"The histologic concepts you can clearly identify in the attached patch include: 1. Eosinophilic stroma: This refers to the connective tissue that appears pink or red when stained with eosin, a common histologic dye. The eosinophilic stroma is the supportive framework of the tissue. 2. Interspersed collagen fibers: These are the protein fibers that provide structural support to the tissue. They appear blue when stained with hematoxylin and eosin (H&E) and are interspersed among the eosinophilic stroma. 3. Spindle-shaped cells: These are elongated cells that can be seen in the tissue. They may be associated with the fibrous stroma or other structures within the tissue. 4. Nuclei of the spindle-shaped cells: These are the control centers of the cells, containing the genetic material. The nuclei appear purple when stained with hematoxylin and eosin (H&E). 5. Vascular channels: These are the small blood vessels that supply oxygen and nutri"
image_description,HP19.5524/1a8f1a0eb1dc6976cd3f1b4db3c9386d140f2bb1/3216_4224,,NOT_TUMOR,Unknown,Carefully examine the attached patch and write a concise but information-dense description of the histologic concepts you can clearly identify.,The histologic concepts that can be clearly identified in the attached patch include tubules and interstitial areas.
image_description,HP18005453/8/8300_1755,,ONCO,Unknown,Carefully examine the attached patch and write a concise but information-dense description of the histologic concepts you can clearly identify.,The histologic concepts that can be clearly identified in the attached patch are: 1. Mature ganglion cells (GPCs) 2. Mature nerve fibers 3. Nerve fascicles 4. Schwann cells These concepts are important for understanding the structure and organization of the tissue sample.
image_description,HP20002450/2/6844_23225,,ONCO,Unknown,Carefully examine the attached patch and write a concise but information-dense description of the histologic concepts you can clearly identify.,"In the histologic examination of the attached patch, you can clearly identify several concepts, including lymphocyte aggregates, lymphoid follicles, and germinal centers. These structures are characteristic of lymphoid tissue and play a crucial role in the immune system."
image_description,HP19.4075/63bd9e217c3340194473cc31fa426e1ef61b48d7/2036_4868,,NOT_TUMOR,Unknown,Carefully examine the attached patch and write a concise but information-dense description of the histologic concepts you can clearly identify.,"In the attached patch, you can clearly identify the following histologic concepts: 1. Atypical glands: These are glandular structures that have an abnormal appearance, which could be indicative of a pathological condition. 2. Atypical ducts: These are abnormally shaped or appearing ducts, which could be related to a disease process or a developmental anomaly. 3. Atypical epithelial cells: These are abnormal cells that line the glands and ducts, which could be indicative of a neoplastic process or another pathological condition. These histologic concepts provide valuable information about the tissue structure and any potential abnormalities present in the sample."
image_description,HP16.6209/e09752bff7e4b16a32cce99ecdeb7d6cda463135/4988_5396,,NOT_TUMOR,Unknown,Carefully examine the attached patch and write a concise but information-dense description of the histologic concepts you can clearly identify.,"The attached patch shows several histologic concepts, including: 1. Acinar cell carcinoma (ACC): This is a type of cancer that originates in the acinar cells, which are found in various glands throughout the body. 2. Intraductal papillary mucinous neoplasm (IPMN): This is a benign (non-cancerous) growth that can occur in the pancreas and is characterized by the presence of mucin-producing cells within the ducts. 3. Ductal adenocarcinoma (DAC): This is a type of cancer that originates in the ducts of the pancreas and can be associated with IPMN. 4. Chronic inflammation (CI): This is a long-lasting inflammatory response that can occur in various tissues and is often a result of an ongoing infection or injury. These concepts are visualized in the histologic examination of the attached patch, which provides valuable information about the tissue structure and any potential abnormalities."
image_description,HP20.2506/13/234_2015,,CHROMO,Unknown,Carefully examine the attached patch and write a concise but information-dense description of the histologic concepts you can clearly identify.,"The image shows several histologic concepts, including the presence of endothelial cells, which are the cells that line the interior surface of blood vessels. Additionally, the image shows perivascular inflammatory infiltrate, which refers to the accumulation of immune cells around blood vessels, often as a result of inflammation. The image also shows the presence of lymphocytes, which are a type of white blood cell involved in the immune response. Lastly, there is a mention of small blood vessels in the area."
image_description,HP20.2506/13/18959_3667,,CHROMO,Unknown,Carefully examine the attached patch and write a concise but information-dense description of the histologic concepts you can clearly identify.,"The histologic concepts that can be clearly identified in the attached patch include acellular basement membrane, epithelial cells, and a fibrous stroma. These are essential components of a tissue sample, providing insights into the structure and organization of the tissue."
image_description,HP20002450/2/2820_3644,,ONCO,Unknown,Carefully examine the attached patch and write a concise but information-dense description of the histologic concepts you can clearly identify.,"The histologic concepts that can be clearly identified in the image are the presence of numerous spirochetes, the inflammatory response, and the formation of granulomas. These features are characteristic of syphilitic endocarditis, a rare form of syphilis that affects the heart valves."
image_description,HP17.11714/73cce8b135ee384b2fa0f178d6dfd663c91aad2a/2912_8576,,pRCC,Unknown,Carefully examine the attached patch and write a concise but information-dense description of the histologic concepts you can clearly identify.,"The image shows a histologic section of a tissue sample. The main histologic concepts that can be clearly identified in the image are: 1. Interstitial fibrosis: This refers to the thickening and scarring of the tissue, which can be seen in the image. 2. Inflammatory cell infiltration: This is the presence of immune cells within the tissue, which can be a sign of an immune response or inflammation. 3. Inflammatory cell infiltration in the vessel: This refers to the presence of immune cells within the blood vessels, which can be a sign of inflammation or an immune response. These concepts provide a snapshot of the tissue's condition and can help in understanding the underlying pathology. However, it is important to consider the patient's clinical history and symptoms, as well as consult a healthcare professional for a thorough evaluation and proper diagnosis of the underlying cause of these findings."
image_description,HP19.4075/63bd9e217c3340194473cc31fa426e1ef61b48d7/4732_5236,,ccRCC,Unknown,Carefully examine the attached patch and write a concise but information-dense description of the histologic concepts you can clearly identify.,"The histologic concepts that can be clearly identified in the image include neuroglial rosettes, glial fibrillary acidic protein (GFAP) positive astrocytes, and vascular endothelium."
image_description,HP12.9282/71a11f26edd3ccea33d4e47d932915a56cbe928e/3796_6388,,ccRCC,Unknown,Carefully examine the attached patch and write a concise but information-dense description of the histologic concepts you can clearly identify.,"The histologic concepts that can be clearly identified in the image include adipocytes, fibroblasts, and a fibrous stroma. These concepts are part of the tissue structure and can provide valuable information about the nature of the tissue and any potential abnormalities."
image_description,HP20.2506/13/27492_3419,,CHROMO,Unknown,Carefully examine the attached patch and write a concise but information-dense description of the histologic concepts you can clearly identify.,"In the image, you can clearly identify hyperplasia, mitosis, and apoptosis. Hyperplasia refers to an increase in the number of cells, mitosis is the process of cell division, and apoptosis is the process of programmed cell death. These concepts are important for understanding the cellular activity and changes occurring in the tissue sample."
image_description,HP20001530/6/10581_6184,,ONCO,Unknown,Carefully examine the attached patch and write a concise but information-dense description of the histologic concepts you can clearly identify.,"The histologic concepts you can clearly identify in the attached patch include: 1. Bone marrow (BM): This is the soft, spongy tissue found in the cavities of bones. It plays a crucial role in the production of blood cells. 2. Hematopoietic (HP): This refers to the process of blood cell formation, which occurs within the bone marrow. 3. Fat (F): This is a type of connective tissue that stores energy in the form of lipids. 4. Fibrous connective tissue (FCT): This is a type of connective tissue that provides support and structure to various tissues and organs in the body. 5. Skeletal muscle (SM): This is a type of muscle tissue that is responsible for voluntary movements and is attached to bones by tendons. 6. Bone trabeculae (BT): These are the thin, rod-like structures that form a mesh-like network within the bone. They provide structural support and help to distribute stress and pressure within the bone. These concepts are important for understanding the structure and function of the tissue sample being examined."
image_description,HP15.9102/a944a3a02be5f1615d664df44f7de676ff245ca3/3592_8560,,pRCC,Unknown,Carefully examine the attached patch and write a concise but information-dense description of the histologic concepts you can clearly identify.,"The histologic concepts that can be clearly identified in the attached patch include acini, tubules, and glandular structures. These are important structures in the tissue sample, and their presence can provide valuable information about the nature of the tissue and any potential abnormalities."
image_description,HP19012316/10/1383_10300,,CHROMO,Unknown,Carefully examine the attached patch and write a concise but information-dense description of the histologic concepts you can clearly identify.,"The histologic concepts that can be clearly identified in the image include papillary architecture, basal cell layer, and apoptotic cells."
image_description,HP20002450/2/8114_20889,,ONCO,Unknown,Carefully examine the attached patch and write a concise but information-dense description of the histologic concepts you can clearly identify.,"In the image, you can identify several histologic concepts, including: 1. Eosinophilic cytoplasm: The cytoplasm of the cells appears eosinophilic, which means it stains pink or red with the eosin dye used in the histologic preparation. 2. Central nucleus: The cells have a central nucleus, which is the control center of the cell and is located in the center of the cell. 3. Scalloping: The cells exhibit scalloping, which refers to the irregular, wavy appearance of the cell membrane. 4. Cell membrane: The cell membrane is a thin, protective layer that surrounds the cell and separates it from its environment. 5. Nucleolus: The nucleolus is a small, dense structure within the cell nucleus that is involved in the production of ribosomes and other RNA molecules. These histologic concepts provide insights into the cellular structure and organization of the tissue sample."
image_description,HP11.12277/264f859b49b76d754766a6a2dc99d15f817625e2/2612_4912,,ccRCC,Unknown,Carefully examine the attached patch and write a concise but information-dense description of the histologic concepts you can clearly identify.,"In the histologic examination of the attached patch, you can clearly identify the following concepts: 1. A large area of dense fibrosis with a focal inflammatory infiltrate in the dermis. 2. A band-like lymphocytic infiltrate in the upper dermis. 3. A focal interface dermatitis. These concepts provide insights into the tissue structure and any potential pathological changes in the sample."
image_description,HP18005453/8/11498_12364,,ONCO,Unknown,Carefully examine the attached patch and write a concise but information-dense description of the histologic concepts you can clearly identify.,"The image shows a patch of histologic concepts that are clearly identifiable. Some of these concepts include lymphocytes, plasma cells, and neutrophils. These are all types of white blood cells that play important roles in the immune system. The presence of these cells in the patch suggests an immune response or inflammation in the tissue being examined."
image_description,HP18.5818/31a9995d08d25cca63ff4db5da01c859279118b5/3964_5692,,pRCC,Unknown,Carefully examine the attached patch and write a concise but information-dense description of the histologic concepts you can clearly identify.,"The histologic concepts that can be clearly identified in the attached patch include: 1. Hemorrhage: bleeding or the escape of blood from blood vessels. 2. Hemosiderin: a pigment that forms in tissues as a result of the breakdown of hemoglobin, often seen in areas of previous bleeding. 3. Vascular congestion: an accumulation of blood in the blood vessels, which can be caused by various factors such as inflammation, injury, or disease. These concepts provide insight into the tissue structure and any potential abnormalities or pathological changes present in the sample."
image_description,HP20002450/2/8859_25960,,ONCO,Unknown,Carefully examine the attached patch and write a concise but information-dense description of the histologic concepts you can clearly identify.,"In the image, you can identify the following histologic concepts: 1. Lymphatic vessels: These are tubular structures that are part of the lymphatic system, which plays a crucial role in the immune system and the circulation of lymph. 2. Lymphocytes: These are a type of white blood cell that plays a crucial role in the immune system, helping to fight off infections and diseases. 3. Inflammatory cells: These are cells that are involved in the body's response to injury, infection, or other harmful stimuli, and they help to initiate the healing process. 4. Extravasated red blood cells: These are red blood cells that have leaked out of blood vessels and into the surrounding tissue, often as a result of inflammation or injury. 5. Edema: This refers to the abnormal accumulation of fluid in the tissues, which can be caused by various conditions such as inflammation, injury, or disease. These histologic concepts provide insights into the tissue sample's structure and the underlying biological processes occurring within it."
image_description,HP20.2506/13/8225_20170,,CHROMO,Unknown,Carefully examine the attached patch and write a concise but information-dense description of the histologic concepts you can clearly identify.,"The attached patch shows several histologic concepts, including: 1. A large number of plasma cells: These are a type of white blood cell that plays a role in the immune system by producing antibodies. 2. A prominent lymphoid infiltrate: This refers to the presence of lymphocytes, which are another type of white blood cell, in the tissue. 3. Lymphoid follicles: These are small, dense clusters of lymphocytes that can be seen in the tissue. 4. Necrosis: This is the death of cells or tissues, which can be caused by various factors such as infection, inflammation, or injury. 5. Focal necrosis: This refers to localized areas of cell or tissue death within the tissue. These histologic concepts provide insights into the tissue's immune response and any potential pathological processes occurring within the tissue."
image_description,HP20002450/2/10895_527,,ONCO,Unknown,Carefully examine the attached patch and write a concise but information-dense description of the histologic concepts you can clearly identify.,"The attached patch of the histologic section reveals several histologic concepts, including: 1. Patchy necrosis: This refers to areas of dead tissue, which can be caused by various factors such as injury, infection, or disease. 2. Inflammatory cells: These are immune cells that have migrated to the area in response to inflammation or injury. 3. Mucin deposition: Mucin is a gel-like substance produced by certain cells and glands. Its presence in the histologic section may indicate an abnormal accumulation of mucin. 4. Edema: This refers to the swelling caused by the accumulation of fluid in the tissues. 5. Vascular congestion: This is the presence of excess blood in the blood vessels, which can be a result of increased blood flow or other factors. These concepts provide valuable information about the tissue structure and any potential abnormalities or pathological changes present in the histologic section."
image_description,HP19012316/10/972_1687,,CHROMO,Unknown,Carefully examine the attached patch and write a concise but information-dense description of the histologic concepts you can clearly identify.,"The histologic concepts that can be clearly identified in the attached patch include the reticular dermis, the papillary dermis, and the epidermis. The reticular dermis is the deepest layer of the dermis, composed of thick collagen fibers. The papillary dermis is the superficial layer of the dermis, with thinner collagen fibers and blood vessels. The epidermis is the outermost layer of the skin, composed of keratinocytes and providing a barrier against environmental factors."
image_description,HP14.69/353c35e790a5cacac2abdc26e8a55c02c395cffd/4488_6940,,ccRCC,Unknown,Carefully examine the attached patch and write a concise but information-dense description of the histologic concepts you can clearly identify.,The histologic concepts that can be clearly identified in the attached patch include the following: 1. Focal bony trabeculae with a narrow rim of osteoid. 2. Focal areas of osteoid formation. 3. Focal areas of fibroblastic activity. These concepts are related to the tissue structure and cellular activity within the patch.
image_description,HP14.9097/598c2bbb50d1da808cf8ea5893ef50f836f2e193/3348_7304,,ccRCC,Unknown,Carefully examine the attached patch and write a concise but information-dense description of the histologic concepts you can clearly identify.,"The histologic concepts that can be clearly identified in the attached patch include: 1. Vascular proliferation: This refers to the growth of blood vessels in the tissue. 2. Pseudoglandular structures: These are non-functional gland-like structures that can be found in certain types of tumors. 3. Inflammatory infiltrate: This refers to the presence of immune cells within the tissue, which can be a response to injury, infection, or other pathological processes. 4. Lymphatic invasion: This refers to the infiltration of cancer cells into the lymphatic system, which can be an important factor in determining the stage and prognosis of a tumor. These concepts provide insight into the tissue structure and any potential pathological processes occurring within the sample."
image_description,HP20001530/6/36551_17180,,ONCO,Unknown,Carefully examine the attached patch and write a concise but information-dense description of the histologic concepts you can clearly identify.,"The histologic concepts that can be clearly identified in the attached patch include lymphocytes, plasma cells, and the presence of an infectious agent."
image_description,HP20002450/2/12079_25379,,ONCO,Unknown,Carefully examine the attached patch and write a concise but information-dense description of the histologic concepts you can clearly identify.,"In the attached patch, you can clearly identify the following histologic concepts: 1. Squamous epithelium: This is a type of epithelial tissue that lines various surfaces of the body. In this case, it is found on the surface of the patch. 2. Stratified squamous epithelium: This is a thickened layer of squamous epithelium, where the cells are arranged in multiple layers. The cells are flat and scale-like, and they are tightly packed together. 3. Connective tissue: This is the tissue that supports and connects various organs and structures within the body. In this context, it is found beneath the stratified squamous epithelium. 4. Vascular structures: These are blood vessels that supply blood to the surrounding tissues. In the patch, you can see capillaries and arterioles, which are small blood vessels. These histologic concepts provide insight into the tissue structure and organization within the attached patch."
image_description,HP17.11714/8c0c1e25dce41df2b3cd97092ca75396e9c06539/3700_7272,,pRCC,Unknown,Carefully examine the attached patch and write a concise but information-dense description of the histologic concepts you can clearly identify.,"The histologic concepts I can clearly identify in the image include acinar structures, bile ducts, and glands."
image_description,HP20.2506/13/7948_8038,,CHROMO,Unknown,Carefully examine the attached patch and write a concise but information-dense description of the histologic concepts you can clearly identify.,"The histologic concepts that can be clearly identified in the attached patch include: 1. Interstitial lymphocytes and plasma cells: These are types of immune cells that can be seen in the tissue sample. 2. Cystic spaces: These are small, fluid-filled cavities within the tissue. 3. Granulomatous inflammation: This refers to the formation of granulomas, which are small nodules of immune cells, in response to inflammation or infection. 4. Fibrosis: This is the excessive accumulation of fibrous connective tissue in an organ or tissue, often as a result of injury or inflammation. These concepts provide insights into the tissue's structure and the presence of inflammation or other pathological changes."
image_description,HP15.11259/661614f71bcab61fda7395699785d798105d355e/4436_6200,,ccRCC,Unknown,Carefully examine the attached patch and write a concise but information-dense description of the histologic concepts you can clearly identify.,"The histologic concepts I can clearly identify in the attached patch include inflammation, edema, and fibrosis."
image_description,HP19012316/10/48_8343,,CHROMO,Unknown,Carefully examine the attached patch and write a concise but information-dense description of the histologic concepts you can clearly identify.,"The histologic concepts that can be clearly identified in the image include: 1. Hyalinized fibrous tissue with chronic inflammation. 2. A few lymphocytes, plasma cells, and histiocytes. 3. Vascular proliferation and congestion. 4. No granuloma or foreign body reaction. These concepts provide insights into the tissue composition and any potential pathological changes present in the examined tissue."
image_description,HP15.9102/a944a3a02be5f1615d664df44f7de676ff245ca3/1972_8972,,pRCC,Unknown,Carefully examine the attached patch and write a concise but information-dense description of the histologic concepts you can clearly identify.,"In the image, you can identify a variety of histologic concepts, including: 1. Inflammatory infiltrate: This refers to the accumulation of immune cells, such as lymphocytes and plasma cells, in response to an injury or infection. 2. Adenocarcinoma: This is a type of cancer that originates in glandular tissue, such as the mammary glands, colon, or lung. 3. Lymphoid follicles: These are small, dense collections of lymphocytes, which are a type of white blood cell involved in the immune response. 4. Bile ducts: These are the tubes that transport bile from the liver and gallbladder to the small intestine, where it helps in the digestion of fats. These concepts provide insight into the tissue structure and any potential pathological changes present in the image."
image_description,HP11.12277/264f859b49b76d754766a6a2dc99d15f817625e2/4184_2540,,ccRCC,Unknown,Carefully examine the attached patch and write a concise but information-dense description of the histologic concepts you can clearly identify.,"The histologic concepts that can be clearly identified in the attached patch include fatty tissue, muscle tissue, and bone tissue."
image_description,HP09.5392/4d4cbf193710983ae4c29e7f8fa4cab3dce92f4d/3464_6560,,pRCC,Unknown,Carefully examine the attached patch and write a concise but information-dense description of the histologic concepts you can clearly identify.,"The histologic concepts that can be clearly identified in the image include inflammatory infiltrate, hyalinized fibrous tissue, and the presence of foreign body granulomas."
image_description,HP19012316/10/2142_4991,,CHROMO,Unknown,Carefully examine the attached patch and write a concise but information-dense description of the histologic concepts you can clearly identify.,"The histologic concepts that can be clearly identified in the image include: 1. Nuclei: These are the control centers of cells, containing genetic material that directs cellular processes. 2. Nucleoli: These are small, dense structures within the nucleus that are involved in the production of ribosomes. 3. Mitochondria: These are organelles within cells that produce energy in the form of ATP through a process called cellular respiration. 4. Golgi apparatus: This is a structure within cells that plays a crucial role in the processing, packaging, and transport of proteins and lipids. 5. Rough endoplasmic reticulum: This is a network of tubules and vesicles within the cell that is involved in the synthesis of proteins and other molecules. These histologic concepts provide insights into the cellular structure and function of the tissue being examined."
image_description,HP18014084/8/18205_2510,,CHROMO,Unknown,Carefully examine the attached patch and write a concise but information-dense description of the histologic concepts you can clearly identify.,"The histologic concepts that can be clearly identified in the attached patch include: 1. Ciliated columnar epithelium with basal cell layer. 2. Goblet cells, which are mucus-producing cells. 3. Mucus in the lumen, which is the interior space of a tubular structure. 4. Glands with a basal cell layer, which are structures that secrete substances. 5. Lumen with mucus, which is the interior space of the gland. These concepts provide a snapshot of the tissue structure and cellular organization within the patch."
image_description,HP15.2902/1dd7c0a13c3cebe8b0336faae1034b26d82ad7da/2276_7624,,ccRCC,Unknown,Carefully examine the attached patch and write a concise but information-dense description of the histologic concepts you can clearly identify.,"The histologic concepts that can be clearly identified in the image include lymphoid aggregates, lymphoid follicles, and a germinal center. These structures are typical of the tonsils and lymph nodes and are part of the immune system."
image_description,HP12.13358/51872de0c982de2102e20554e38621e034b733dd/4996_7132,,NOT_TUMOR,Unknown,Carefully examine the attached patch and write a concise but information-dense description of the histologic concepts you can clearly identify.,"The histologic concepts that can be clearly identified in the attached patch include: 1. Dense fibrocollagenous stroma: This is a dense connective tissue that provides support and structure to the surrounding cells and tissues. 2. Vascular structures: These are blood vessels, such as arteries, veins, and capillaries, that transport blood and nutrients throughout the body. 3. Muscle fibers: These are the long, multinucleated cells that make up the muscle tissue, responsible for movement and contraction. 4. Adipose tissue: This is a type of connective tissue that stores fat and provides insulation, cushioning, and energy storage for the body. 5. Inflammatory cells: These are immune cells that play a role in the body's response to injury, infection, or other stimuli that cause inflammation. These histologic concepts can be observed in the tissue sample and provide valuable information about the tissue's structure and composition."
image_description,HP20001530/6/5031_42578,,ONCO,Unknown,Carefully examine the attached patch and write a concise but information-dense description of the histologic concepts you can clearly identify.,"The histologic concepts that can be clearly identified in the attached patch include the presence of bronchioles and alveoli. Bronchioles are small airways in the lungs, while alveoli are the tiny air sacs where gas exchange occurs. These structures are essential components of the respiratory system and play a crucial role in the exchange of oxygen and carbon dioxide."
image_description,HP20002450/2/6690_26339,,ONCO,Unknown,Carefully examine the attached patch and write a concise but information-dense description of the histologic concepts you can clearly identify.,"In the histologic image, you can clearly identify the following concepts: 1. Epithelial cell sheets 2. Lymphocytes 3. Inflammatory cells 4. Vascular lumina 5. Inflammatory infiltration These concepts are important for understanding the tissue structure and any potential abnormalities or pathological changes present in the sample."
image_description,HP18005453/8/5929_5865,,ONCO,Unknown,Carefully examine the attached patch and write a concise but information-dense description of the histologic concepts you can clearly identify.,"The histologic concepts you can clearly identify in the attached patch include basal cell layer, nuclei, and keratin."
image_description,HP15.12550/281a0f53b7f22e07fd5b72d26b6f641b520f8299/5548_7936,,ccRCC,Unknown,Carefully examine the attached patch and write a concise but information-dense description of the histologic concepts you can clearly identify.,"The histologic concepts I can clearly identify in the image are: 1. Acute inflammation: This is characterized by the presence of inflammatory cells, such as neutrophils and lymphocytes, in the tissue. 2. Vascular congestion: This refers to the accumulation of blood in the blood vessels, which can be a result of inflammation or injury. 3. Hemorrhage: This is the presence of blood outside of the blood vessels, often due to damage or rupture of the blood vessels. 4. Edema: This is the abnormal accumulation of fluid in the tissues, which can be caused by various conditions, including inflammation. These concepts provide insights into the tissue's response to injury, inflammation, or other pathological processes."
image_description,HP19012316/10/7055_5718,,CHROMO,Unknown,Carefully examine the attached patch and write a concise but information-dense description of the histologic concepts you can clearly identify.,"In the attached patch, you can identify several histologic concepts, including necrosis, inflammatory cells, and granulation tissue. Necrosis refers to the death of cells or tissues, which can be caused by various factors such as injury, infection, or disease. Inflammatory cells are immune cells that are recruited to the site of injury or infection to help fight off pathogens and promote healing. Granulation tissue is a type of tissue that forms during the healing process, typically in response to injury or inflammation."
image_description,HP19012316/10/5949_6592,,CHROMO,Unknown,Carefully examine the attached patch and write a concise but information-dense description of the histologic concepts you can clearly identify.,"The attached patch shows several histologic concepts, including chronic inflammation, tissue repair, and the presence of granulomas. Chronic inflammation refers to a long-lasting immune response to a persistent irritant or foreign substance. Tissue repair refers to the process of healing and regeneration of damaged tissue. Granulomas are organized collections of immune cells, often formed in response to a persistent irritant or foreign substance, and they can be seen in various inflammatory and infectious conditions."
image_description,HP13.3201/76aeacbe742cf9f2c473b78070f179814fc84659/7184_18536,,NOT_TUMOR,Unknown,Carefully examine the attached patch and write a concise but information-dense description of the histologic concepts you can clearly identify.,"In the attached patch, you can clearly identify a number of histologic concepts, including: 1. Squamous epithelium with keratinization: This refers to the presence of squamous cells that have undergone a process of cellular maturation called keratinization, where the cells produce keratin, a tough, fibrous protein that helps protect the skin. 2. Lymphatic vessels: These are small, thin-walled blood vessels that transport lymph, a clear fluid containing immune cells, from the tissues to the lymph nodes. 3. Capillaries: These are the smallest blood vessels, composed of a single layer of endothelial cells and a thin layer of connective tissue. Capillaries play a crucial role in the exchange of nutrients, oxygen, and waste products between blood and tissues. 4. Adipose tissue: This is a type of connective tissue that stores energy in the form of fat and provides insulation and cushioning for the body. 5. Muscle fibers: These are the basic structural units of skeletal muscles, composed of long, spindle-shaped cells called my"
image_description,HP19012316/10/8972_6680,,CHROMO,Unknown,Carefully examine the attached patch and write a concise but information-dense description of the histologic concepts you can clearly identify.,"The attached patch shows several histologic concepts, including keratinocytes, fibroblasts, and sebaceous glands. Additionally, there are basaloid cells present. These concepts are important for understanding the structure and function of the skin tissue being examined."
image_description,HP20002450/2/10074_18860,,ONCO,Unknown,Carefully examine the attached patch and write a concise but information-dense description of the histologic concepts you can clearly identify.,"The histologic concepts I can clearly identify in the image include: 1. Neurons: These are the primary cells of the nervous system, responsible for transmitting electrical signals. 2. Astrocytes: These are star-shaped glial cells that provide support and protection for neurons in the brain and spinal cord. 3. Oligodendrocytes: These are cells that produce the myelin sheath, which insulates nerve fibers and helps with the efficient transmission of electrical signals. 4. Blood vessels: These are structures that transport blood and its components throughout the body. 5. Synapses: These are the junctions between neurons where the transfer of electrical signals occurs. These concepts are essential for understanding the structure and function of the nervous system, as well as the relationships between different cell types and their roles in maintaining proper brain function."
image_description,HP20001530/6/6055_34937,,ONCO,Unknown,Carefully examine the attached patch and write a concise but information-dense description of the histologic concepts you can clearly identify.,"The histologic concepts that can be clearly identified in the attached patch include elastin, collagen, and the basement membrane. Elastin is a protein that provides elasticity to tissues, collagen is a structural protein that provides strength and support, and the basement membrane is a thin layer of extracellular matrix that separates the epithelium from the underlying connective tissue."
image_description,HP09.5392/4d4cbf193710983ae4c29e7f8fa4cab3dce92f4d/2832_6376,,pRCC,Unknown,Carefully examine the attached patch and write a concise but information-dense description of the histologic concepts you can clearly identify.,"The histologic concepts that can be clearly identified in the image include: 1. Necrosis: This refers to the death of cells or tissues, often due to injury, disease, or lack of blood supply. 2. Granulation tissue: This is a type of tissue that forms during the healing process of an injury or wound. It is composed of new blood vessels, connective tissue, and inflammatory cells. 3. Inflammation: This is the body's response to injury or infection, characterized by redness, swelling, and pain. 4. Fibrosis: This is the excessive growth of fibrous connective tissue in an organ or tissue, often as a result of injury or disease. These concepts provide insight into the tissue sample's condition and can help in understanding the underlying pathology or the healing process."
image_description,HP18005453/8/11262_13605,,ONCO,Unknown,Carefully examine the attached patch and write a concise but information-dense description of the histologic concepts you can clearly identify.,"The histologic concepts that can be clearly identified in the attached patch include focal cystic changes, nuclear enlargement, and mitotic figures. These features are characteristic of the tissue being examined."
image_description,HP15.9102/a944a3a02be5f1615d664df44f7de676ff245ca3/1792_8288,,pRCC,Unknown,Carefully examine the attached patch and write a concise but information-dense description of the histologic concepts you can clearly identify.,"The histologic concepts that can be clearly identified in the attached patch include: 1. Acute inflammation with an abundance of neutrophils, which is a characteristic of the acute phase of inflammation. 2. Multifocal necrosis, which refers to the localized death of cells or tissue in multiple areas. 3. Multifocal hemorrhage, which is the presence of bleeding in multiple areas. 4. Patchy areas of edema, which are regions of swelling caused by the accumulation of fluid in the tissue. 5. Aseptic necrosis, which is the death of cells or tissue without an apparent cause or infection. These findings provide valuable information about the tissue's condition and can help in understanding the underlying pathology."
image_description,HP15.1480/2d73442166e8e0ee880d303bed92f1a155d6a17e/5060_7004,,ccRCC,Unknown,Carefully examine the attached patch and write a concise but information-dense description of the histologic concepts you can clearly identify.,"The histologic concepts that can be clearly identified in the attached patch include fibrous connective tissue, adipose tissue, and hematopoietic tissue. These are important components of the tissue sample and provide insights into the tissue's structure and function."
image_description,HP12.6073/2e4d98992a14efc2ac34b447827193840d081f75/4684_6212,,ccRCC,Unknown,Carefully examine the attached patch and write a concise but information-dense description of the histologic concepts you can clearly identify.,"In the attached patch, you can clearly identify the following histologic concepts: 1. Squamous epithelium: This is a type of epithelial tissue that lines various surfaces and cavities in the body. It is composed of flat, scale-like cells that form a protective barrier. 2. Keratinization: This is the process by which keratin, a tough, fibrous protein, accumulates in the cells of the squamous epithelium. This can occur in response to various factors, such as chronic irritation or inflammation. 3. Degeneration: This refers to the changes that occur in the cells and tissues as they age or undergo stress. In the context of this histologic patch, degeneration is observed in the squamous epithelium. 4. Mitosis: This is the process of cell division, which occurs as part of normal cell growth and development. In this histologic patch, mitosis is observed in the squamous epithelium. 5. Inflammation: Inflammation is a response of the body's immune system to injury, infection, or other harmful stim"
image_description,HP13.3311/bd0703c88e92d0da25592b4229e90c2a86eab42f/3644_4496,,pRCC,Unknown,Carefully examine the attached patch and write a concise but information-dense description of the histologic concepts you can clearly identify.,"In the histologic image, you can identify several concepts, including fibrosis, chronic inflammation, and an absence of acute inflammation. These findings suggest that the tissue sample is affected by fibrosis, which is the formation of excess fibrous connective tissue in an organ or tissue, often as a result of injury, inflammation, or disease. The chronic inflammation indicates that there is a long-lasting immune response to a persistent irritant or infection, while the absence of acute inflammation suggests that there is no recent or acute inflammation present in the tissue sample."
image_description,HP14.10122/6f5d1e3e644b9c6f33da732b5899b3fd4d74f672/1480_8904,,NOT_TUMOR,Unknown,Carefully examine the attached patch and write a concise but information-dense description of the histologic concepts you can clearly identify.,"The histologic concepts that can be clearly identified in the image include glomeruli, arterioles, and tubules."
image_description,HP12.7726/8e9a96c4a1a96ab8e2b73747c5f92870cd5a95e2/1104_6912,,NOT_TUMOR,Unknown,Carefully examine the attached patch and write a concise but information-dense description of the histologic concepts you can clearly identify.,"The histologic concepts that can be clearly identified in the attached patch include the following: 1. Acinar cell change with acinar cell atrophy and focal cystic change. 2. Ductal cell change with acinar cell metaplasia and focal cystic change. 3. Inflammatory cell infiltration, mainly composed of neutrophils and lymphocytes. 4. Focal areas of fibrosis. These observations provide insights into the tissue structure and any potential pathological changes occurring in the sample."
